scenario_id,scenario_name,identity_type,device_status,context_details,requested_action,media_type,I,D,C,A,U,expected_risk_level,expected_decision,description
SCN-01,Normal Employee Routine Internal Access,Employee,Trusted managed,Normal,Internal information,,0,0,0,1,0,LOW,ALLOW,Normal employee accessing low-impact internal resource from corporate laptop during office hours
SCN-02,Employee New Device First-Time Login,Employee,New,Normal,Internal information,,1,2,2,1,0,MEDIUM,MFA_REQUIRED,Employee using a newly purchased personal tablet to read internal company memos
SCN-03,Confidential Access via Suspicious Device,Employee,Suspicious,Unusual location,Confidential data,,2,3,3,2,1,HIGH,STEP_UP_REQUIRED,Employee using suspicious unmanaged device from unusual foreign IP attempting confidential repo access
SCN-04,Deepfake CEO Video Urgent Financial Transfer,Executive,Suspicious,Unusual location,Financial/critical operation,Video,3,4,3,4,4,CRITICAL,INDEPENDENT_VERIFICATION,Deepfake CEO video call requesting emergency financial wire transfer from unknown device and unusual IP
SCN-05,Deepfake CEO Video Requesting Public Info,Executive,Suspicious,Unusual location,Public information,Video,3,4,3,0,4,HIGH,STEP_UP_REQUIRED,Same suspicious CEO video and unknown device but requesting public marketing press releases
SCN-06,HR Associate Viewing Employee Public Directory,Employee,Trusted managed,Normal,Public information,,0,0,0,0,0,LOW,ALLOW,HR employee browsing corporate internal intranet directory on compliant desktop
SCN-07,Sales Rep Normal CRM Lead Access,Employee,Trusted managed,Normal,Internal information,,0,0,0,1,0,LOW,ALLOW,Field sales representative updating routine client contact details on corporate smartphone
SCN-08,Finance Analyst Monthly Budget Review,Employee,Trusted managed,Normal,Confidential data,,0,0,0,2,0,LOW,ALLOW,Senior finance analyst accessing quarterly budget spreadsheet from office workstation
SCN-09,Software Engineer Submitting Routine PR,Employee,Trusted managed,Normal,Internal information,,0,0,0,1,0,LOW,ALLOW,Developer pushing code branch to internal GitLab repository on managed laptop
SCN-10,Customer Support Viewing Knowledge Base,Employee,Trusted managed,Normal,Internal information,,0,0,0,1,0,LOW,ALLOW,Support agent searching standard operating procedures for ticket resolution
SCN-11,Contractor Accessing Project Board,Contractor,Known,Normal,Internal information,,1,1,0,1,0,LOW,ALLOW,External contractor accessing assigned Jira project board from registered laptop
SCN-12,Marketing Specialist Routine Social Post,Employee,Known,Normal,Public information,,0,1,0,0,0,LOW,ALLOW,Marketing specialist publishing approved public announcement from home workstation
SCN-13,Employee Logging in from Coffee Shop Wi-Fi,Employee,Trusted managed,Suspicious network,Internal information,,0,0,2,1,0,LOW,ALLOW,Employee checking routine email over unsecured public coffee shop Wi-Fi
SCN-14,IT Admin Routine Status Health Check,Administrator,Trusted managed,Normal,Internal information,,0,0,0,1,0,LOW,ALLOW,Systems administrator viewing read-only server monitoring dashboard
SCN-15,Employee Accessing Company Benefits Portal,Employee,Known,Normal,Confidential data,,1,1,0,2,0,MEDIUM,MFA_REQUIRED,Employee reviewing personal 401k and payroll details from registered home laptop
SCN-16,Sales Director Accessing CRM from Airport,Manager,Known,Unusual location,Confidential data,,0,1,2,2,0,MEDIUM,MFA_REQUIRED,Sales director downloading client contracts from airport lounge during domestic travel
SCN-17,Engineer Accessing Production Logs Off-Hours,Employee,Trusted managed,Unusual time,Confidential data,,0,0,2,2,0,MEDIUM,MFA_REQUIRED,On-call engineer reviewing production application logs at 3:00 AM on Sunday
SCN-18,Remote Employee First Login from Shared Coworking,Employee,New,Unusual location,Internal information,,1,2,2,1,0,MEDIUM,MFA_REQUIRED,Remote worker logging into Google Workspace from a new coworking office IP
SCN-19,HR Generalist Updating Employee Profile,Employee,Known,Normal,Confidential data,,1,1,0,2,0,MEDIUM,MFA_REQUIRED,HR generalist editing employee tax documentation from registered home desktop
SCN-20,Vendor Portal Access with Expired Certificate,Contractor,Unmanaged,Normal,Internal information,,1,3,1,1,0,MEDIUM,MFA_REQUIRED,External supplier logging into vendor inventory management system with unmanaged laptop
SCN-21,Manager Approving Standard Expense Report,Manager,Trusted managed,Normal,Internal information,,0,0,0,1,0,LOW,ALLOW,Department manager approving routine travel reimbursement under company policy limit
SCN-22,Employee Minor Audio Glitch on Support Call,Employee,Trusted managed,Normal,Internal information,Audio,0,0,0,1,1,LOW,ALLOW,Employee on Zoom call with minor audio compression artifacts requesting internal meeting notes
SCN-23,Admin Elevating Privileges on Staging Server,Administrator,Trusted managed,Normal,Privileged operation,,1,0,1,3,0,MEDIUM,MFA_REQUIRED,Systems engineer invoking sudo privilege on non-production staging server
SCN-24,Executive Off-Hours Strategic Plan Access,Executive,Known,Unusual time,Confidential data,,1,1,2,2,0,MEDIUM,MFA_REQUIRED,VP of Strategy reviewing board presentation from hotel room at midnight
SCN-25,Contractor Accessing High-Level Architecture,Contractor,Unmanaged,Unusual location,Confidential data,,2,3,2,2,0,HIGH,STEP_UP_REQUIRED,Third-party auditor requesting cloud network topology blueprints from overseas hotel
SCN-26,DBA Initiating Database Schema Migration,Administrator,Known,Normal,Privileged operation,,1,1,1,3,0,HIGH,APPROVAL_REQUIRED,Database administrator preparing production schema alter table script
SCN-27,DevOps Engineer Modifying Production Firewall,Administrator,Trusted managed,Unusual time,Privileged operation,,1,0,2,3,0,HIGH,APPROVAL_REQUIRED,DevOps engineer modifying AWS Security Group ingress rules outside change window
SCN-28,Finance Manager Processing Large Batch Payroll,Manager,Trusted managed,Normal,Financial/critical operation,,1,0,1,4,0,HIGH,APPROVAL_REQUIRED,Finance manager releasing bi-weekly company-wide payroll batch
SCN-29,Security Analyst Downloading Raw Traffic Captures,Employee,Trusted managed,Normal,Confidential data,,1,0,0,2,0,LOW,ALLOW,SOC analyst pulling packet capture PCAP files for forensic investigation
SCN-30,Employee Impossible Travel Login from Two Continents,Employee,New,Multiple anomalies,Internal information,,2,2,4,1,0,HIGH,STEP_UP_REQUIRED,Account logged in from London and Singapore within 30 minutes of each other
SCN-31,Unregistered Mobile Device Requesting Customer PII,Employee,Unmanaged,Normal,Confidential data,,2,3,1,2,0,HIGH,STEP_UP_REQUIRED,Unenrolled smartphone requesting bulk export of customer PII database
SCN-32,Synthetic Audio Helpdesk Password Reset,Administrator,Suspicious,Unusual location,Privileged operation,Audio,3,3,3,3,3,HIGH,APPROVAL_REQUIRED,Voice clone posing as Director of Infrastructure calling IT Helpdesk requesting root password reset
SCN-33,Deepfake Video of CFO Requesting Confidential M&A File,Executive,Known,Unusual location,Confidential data,Video,3,1,2,2,3,HIGH,STEP_UP_REQUIRED,Deepfake CFO on Teams video call requesting unreleased merger acquisition term sheet
SCN-34,Suspicious Script Accessing Customer Payment Tokens,Unknown,Suspicious,Suspicious network,Privileged operation,,3,4,3,3,0,HIGH,APPROVAL_REQUIRED,Automated script executing API requests from known bulletproof VPS subnet targeting token vault
SCN-35,Contractor Attempting Lateral Movement to Core DC,Contractor,Suspicious,Multiple anomalies,Privileged operation,,3,3,4,3,1,HIGH,APPROVAL_REQUIRED,Contractor account attempting SSH connection to core domain controller from abnormal subnet
SCN-36,Deepfake VP Voice Authorizing Wire Divert,Executive,Unmanaged,Unusual location,Financial/critical operation,Audio,3,3,3,4,4,CRITICAL,INDEPENDENT_VERIFICATION,Synthetic voice of VP requesting supplier wire transfer destination bank account change
SCN-37,Executive Deepfake Video Live Streaming Board Credentials,Executive,Suspicious,Multiple anomalies,Privileged operation,Video,4,4,4,3,4,CRITICAL,INDEPENDENT_VERIFICATION,High-resolution deepfake video presenting stolen executive token requesting master board access
SCN-38,Deepfake CEO Audio Demanding Gift Card Codes,Executive,Unmanaged,Unusual time,Financial/critical operation,Audio,3,3,3,4,3,CRITICAL,INDEPENDENT_VERIFICATION,Vishing attack using cloned CEO voice instructing assistant to urgently buy and email cards
SCN-39,Deepfake Board Member Requesting Immediate Wire Transfer,Executive,Suspicious,Multiple anomalies,Financial/critical operation,Video,4,4,4,4,4,CRITICAL,INDEPENDENT_VERIFICATION,Flawless face-swap deepfake video demanding confidential emergency multi-million escrow payment
SCN-40,Compromised Admin Key Rotating Root Certificates,Administrator,Suspicious,Multiple anomalies,Financial/critical operation,,4,4,4,4,1,CRITICAL,INDEPENDENT_VERIFICATION,Stolen enterprise admin session token attempting to delete root PKI certificates from Tor exit
SCN-41,High Uncertainty Deepfake Video Requesting Holiday Schedule,Employee,Known,Normal,Public information,Video,1,1,0,0,4,LOW,ALLOW,Employee using experimental synthetic avatar on corporate stream inquiring about paid holidays
SCN-42,Low Uncertainty Identity Requesting Critical Wire Transfer,Executive,Trusted managed,Normal,Financial/critical operation,,0,0,0,4,0,MEDIUM,APPROVAL_REQUIRED,Authenticated CFO on corporate laptop requesting scheduled dividend wire transfer
SCN-43,Legitimate Traveling CEO in High-Risk Country,Executive,Trusted managed,Unusual location,Confidential data,,1,0,3,2,0,MEDIUM,MFA_REQUIRED,CEO traveling in foreign region requesting read access to strategic partnership proposal
SCN-44,Deepfake Audio Helpdesk Attack from Known Managed Device,Employee,Trusted managed,Normal,Privileged operation,Audio,2,0,0,3,4,HIGH,APPROVAL_REQUIRED,Insider using voice modulation tool on corporate laptop to trick helpdesk into delegating admin rights
SCN-45,Full Compromise Multi-Vector Deepfake Identity Takeover,Executive,Suspicious,Multiple anomalies,Financial/critical operation,Video,4,4,4,4,4,CRITICAL,INDEPENDENT_VERIFICATION,"Coordinated attack featuring cloned voice, synthetic video, Tor network exit, and financial transfer"
