scenario_id,scenario_name,identity_type,device_status,context_details,requested_action,media_type,I,D,C,A,U,raw_risk,normalized_risk,risk_level,auth_complexity,decision,controls_count,controls_list,decision_rationale
SCN-01,Normal Employee Routine Internal Access,Employee,Trusted managed,Normal,Internal information,,0.0,0.0,0.0,1.0,0.0,0.3,7.5,LOW,1,ALLOW,1,Normal Authentication (SSO / Standard Credential),Low composite risk (0-25). Standard credentials sufficient.
SCN-02,Employee New Device First-Time Login,Employee,New,Normal,Internal information,,1.0,2.0,2.0,1.0,0.0,1.15,28.75,MEDIUM,2,MFA_REQUIRED,2,Normal Authentication (SSO / Standard Credential) | Multi-Factor Authentication (OTP / FIDO2 Step-up),Moderate risk (26-50). Step-up MFA challenge required to proceed.
SCN-03,Confidential Access via Suspicious Device,Employee,Suspicious,Unusual location,Confidential data,,2.0,3.0,3.0,2.0,1.0,2.15,53.75,HIGH,3,STEP_UP_REQUIRED,4,Normal Authentication (SSO / Standard Credential) | Multi-Factor Authentication (OTP / FIDO2 Step-up) | Trusted Device Attestation (MDM / EDR Compliance) | Contextual Verification (IP / Geo / Behavioral Anomaly Check),"High risk (51-75). Requires MFA, trusted-device verification, and contextual verification."
SCN-04,Deepfake CEO Video Urgent Financial Transfer,Executive,Suspicious,Unusual location,Financial/critical operation,Video,3.0,4.0,3.0,4.0,4.0,3.6,90.0,CRITICAL,5,INDEPENDENT_VERIFICATION,6,Normal Authentication (SSO / Standard Credential) | Multi-Factor Authentication (OTP / FIDO2 Step-up) | Trusted Device Attestation (MDM / EDR Compliance) | Independent Out-of-Band Verification (Direct Callback / Secure Line) | Secondary / Dual-Custody Executive Approval | Block / Hold Request (Session Quarantined),CRITICAL ATTACK POSTURE: High-impact action requested from unmanaged/suspicious device with high deepfake uncertainty. Standard MFA bypassed or insufficient; requires out-of-band confirmation.
SCN-05,Deepfake CEO Video Requesting Public Info,Executive,Suspicious,Unusual location,Public information,Video,3.0,4.0,3.0,0.0,4.0,2.4,60.0,HIGH,3,STEP_UP_REQUIRED,4,Normal Authentication (SSO / Standard Credential) | Multi-Factor Authentication (OTP / FIDO2 Step-up) | Trusted Device Attestation (MDM / EDR Compliance) | Contextual Verification (IP / Geo / Behavioral Anomaly Check),"High risk (51-75). Requires MFA, trusted-device verification, and contextual verification."
SCN-06,HR Associate Viewing Employee Public Directory,Employee,Trusted managed,Normal,Public information,,0.0,0.0,0.0,0.0,0.0,0.0,0.0,LOW,1,ALLOW,1,Normal Authentication (SSO / Standard Credential),Low composite risk (0-25). Standard credentials sufficient.
SCN-07,Sales Rep Normal CRM Lead Access,Employee,Trusted managed,Normal,Internal information,,0.0,0.0,0.0,1.0,0.0,0.3,7.5,LOW,1,ALLOW,1,Normal Authentication (SSO / Standard Credential),Low composite risk (0-25). Standard credentials sufficient.
SCN-08,Finance Analyst Monthly Budget Review,Employee,Trusted managed,Normal,Confidential data,,0.0,0.0,0.0,2.0,0.0,0.6,15.0,LOW,1,ALLOW,1,Normal Authentication (SSO / Standard Credential),Low composite risk (0-25). Standard credentials sufficient.
SCN-09,Software Engineer Submitting Routine PR,Employee,Trusted managed,Normal,Internal information,,0.0,0.0,0.0,1.0,0.0,0.3,7.5,LOW,1,ALLOW,1,Normal Authentication (SSO / Standard Credential),Low composite risk (0-25). Standard credentials sufficient.
SCN-10,Customer Support Viewing Knowledge Base,Employee,Trusted managed,Normal,Internal information,,0.0,0.0,0.0,1.0,0.0,0.3,7.5,LOW,1,ALLOW,1,Normal Authentication (SSO / Standard Credential),Low composite risk (0-25). Standard credentials sufficient.
SCN-11,Contractor Accessing Project Board,Contractor,Known,Normal,Internal information,,1.0,1.0,0.0,1.0,0.0,0.7,17.5,LOW,1,ALLOW,1,Normal Authentication (SSO / Standard Credential),Low composite risk (0-25). Standard credentials sufficient.
SCN-12,Marketing Specialist Routine Social Post,Employee,Known,Normal,Public information,,0.0,1.0,0.0,0.0,0.0,0.15,3.75,LOW,1,ALLOW,1,Normal Authentication (SSO / Standard Credential),Low composite risk (0-25). Standard credentials sufficient.
SCN-13,Employee Logging in from Coffee Shop Wi-Fi,Employee,Trusted managed,Suspicious network,Internal information,,0.0,0.0,2.0,1.0,0.0,0.6,15.0,LOW,1,ALLOW,1,Normal Authentication (SSO / Standard Credential),Low composite risk (0-25). Standard credentials sufficient.
SCN-14,IT Admin Routine Status Health Check,Administrator,Trusted managed,Normal,Internal information,,0.0,0.0,0.0,1.0,0.0,0.3,7.5,LOW,1,ALLOW,1,Normal Authentication (SSO / Standard Credential),Low composite risk (0-25). Standard credentials sufficient.
SCN-15,Employee Accessing Company Benefits Portal,Employee,Known,Normal,Confidential data,,1.0,1.0,0.0,2.0,0.0,1.0,25.0,LOW,1,ALLOW,1,Normal Authentication (SSO / Standard Credential),Low composite risk (0-25). Standard credentials sufficient.
SCN-16,Sales Director Accessing CRM from Airport,Manager,Known,Unusual location,Confidential data,,0.0,1.0,2.0,2.0,0.0,1.05,26.25,MEDIUM,2,MFA_REQUIRED,2,Normal Authentication (SSO / Standard Credential) | Multi-Factor Authentication (OTP / FIDO2 Step-up),Moderate risk (26-50). Step-up MFA challenge required to proceed.
SCN-17,Engineer Accessing Production Logs Off-Hours,Employee,Trusted managed,Unusual time,Confidential data,,0.0,0.0,2.0,2.0,0.0,0.9,22.5,LOW,1,ALLOW,1,Normal Authentication (SSO / Standard Credential),Low composite risk (0-25). Standard credentials sufficient.
SCN-18,Remote Employee First Login from Shared Coworking,Employee,New,Unusual location,Internal information,,1.0,2.0,2.0,1.0,0.0,1.15,28.75,MEDIUM,2,MFA_REQUIRED,2,Normal Authentication (SSO / Standard Credential) | Multi-Factor Authentication (OTP / FIDO2 Step-up),Moderate risk (26-50). Step-up MFA challenge required to proceed.
SCN-19,HR Generalist Updating Employee Profile,Employee,Known,Normal,Confidential data,,1.0,1.0,0.0,2.0,0.0,1.0,25.0,LOW,1,ALLOW,1,Normal Authentication (SSO / Standard Credential),Low composite risk (0-25). Standard credentials sufficient.
SCN-20,Vendor Portal Access with Expired Certificate,Contractor,Unmanaged,Normal,Internal information,,1.0,3.0,1.0,1.0,0.0,1.15,28.75,MEDIUM,2,MFA_REQUIRED,2,Normal Authentication (SSO / Standard Credential) | Multi-Factor Authentication (OTP / FIDO2 Step-up),Moderate risk (26-50). Step-up MFA challenge required to proceed.
SCN-21,Manager Approving Standard Expense Report,Manager,Trusted managed,Normal,Internal information,,0.0,0.0,0.0,1.0,0.0,0.3,7.5,LOW,1,ALLOW,1,Normal Authentication (SSO / Standard Credential),Low composite risk (0-25). Standard credentials sufficient.
SCN-22,Employee Minor Audio Glitch on Support Call,Employee,Trusted managed,Normal,Internal information,Audio,0.0,0.0,0.0,1.0,1.0,0.45,11.25,LOW,1,ALLOW,1,Normal Authentication (SSO / Standard Credential),Low composite risk (0-25). Standard credentials sufficient.
SCN-23,Admin Elevating Privileges on Staging Server,Administrator,Trusted managed,Normal,Privileged operation,,1.0,0.0,1.0,3.0,0.0,1.3,32.5,MEDIUM,2,MFA_REQUIRED,2,Normal Authentication (SSO / Standard Credential) | Multi-Factor Authentication (OTP / FIDO2 Step-up),Moderate risk (26-50). Step-up MFA challenge required to proceed.
SCN-24,Executive Off-Hours Strategic Plan Access,Executive,Known,Unusual time,Confidential data,,1.0,1.0,2.0,2.0,0.0,1.3,32.5,MEDIUM,2,MFA_REQUIRED,2,Normal Authentication (SSO / Standard Credential) | Multi-Factor Authentication (OTP / FIDO2 Step-up),Moderate risk (26-50). Step-up MFA challenge required to proceed.
SCN-25,Contractor Accessing High-Level Architecture,Contractor,Unmanaged,Unusual location,Confidential data,,2.0,3.0,2.0,2.0,0.0,1.85,46.25,MEDIUM,2,MFA_REQUIRED,2,Normal Authentication (SSO / Standard Credential) | Multi-Factor Authentication (OTP / FIDO2 Step-up),Moderate risk (26-50). Step-up MFA challenge required to proceed.
SCN-26,DBA Initiating Database Schema Migration,Administrator,Known,Normal,Privileged operation,,1.0,1.0,1.0,3.0,0.0,1.45,36.25,MEDIUM,2,MFA_REQUIRED,2,Normal Authentication (SSO / Standard Credential) | Multi-Factor Authentication (OTP / FIDO2 Step-up),Moderate risk (26-50). Step-up MFA challenge required to proceed.
SCN-27,DevOps Engineer Modifying Production Firewall,Administrator,Trusted managed,Unusual time,Privileged operation,,1.0,0.0,2.0,3.0,0.0,1.45,36.25,MEDIUM,2,MFA_REQUIRED,2,Normal Authentication (SSO / Standard Credential) | Multi-Factor Authentication (OTP / FIDO2 Step-up),Moderate risk (26-50). Step-up MFA challenge required to proceed.
SCN-28,Finance Manager Processing Large Batch Payroll,Manager,Trusted managed,Normal,Financial/critical operation,,1.0,0.0,1.0,4.0,0.0,1.6,40.0,MEDIUM,2,MFA_REQUIRED,2,Normal Authentication (SSO / Standard Credential) | Multi-Factor Authentication (OTP / FIDO2 Step-up),Moderate risk (26-50). Step-up MFA challenge required to proceed.
SCN-29,Security Analyst Downloading Raw Traffic Captures,Employee,Trusted managed,Normal,Confidential data,,1.0,0.0,0.0,2.0,0.0,0.85,21.25,LOW,1,ALLOW,1,Normal Authentication (SSO / Standard Credential),Low composite risk (0-25). Standard credentials sufficient.
SCN-30,Employee Impossible Travel Login from Two Continents,Employee,New,Multiple anomalies,Internal information,,2.0,2.0,4.0,1.0,0.0,1.7,42.5,MEDIUM,2,MFA_REQUIRED,2,Normal Authentication (SSO / Standard Credential) | Multi-Factor Authentication (OTP / FIDO2 Step-up),Moderate risk (26-50). Step-up MFA challenge required to proceed.
SCN-31,Unregistered Mobile Device Requesting Customer PII,Employee,Unmanaged,Normal,Confidential data,,2.0,3.0,1.0,2.0,0.0,1.7,42.5,MEDIUM,2,MFA_REQUIRED,2,Normal Authentication (SSO / Standard Credential) | Multi-Factor Authentication (OTP / FIDO2 Step-up),Moderate risk (26-50). Step-up MFA challenge required to proceed.
SCN-32,Synthetic Audio Helpdesk Password Reset,Administrator,Suspicious,Unusual location,Privileged operation,Audio,3.0,3.0,3.0,3.0,3.0,3.0,75.0,HIGH,5,INDEPENDENT_VERIFICATION,7,Normal Authentication (SSO / Standard Credential) | Multi-Factor Authentication (OTP / FIDO2 Step-up) | Trusted Device Attestation (MDM / EDR Compliance) | Contextual Verification (IP / Geo / Behavioral Anomaly Check) | Secondary / Dual-Custody Executive Approval | Independent Out-of-Band Verification (Direct Callback / Secure Line) | Block / Hold Request (Session Quarantined),CRITICAL ATTACK POSTURE: High-impact action requested from unmanaged/suspicious device with high deepfake uncertainty. Standard MFA bypassed or insufficient; requires out-of-band confirmation.
SCN-33,Deepfake Video of CFO Requesting Confidential M&A File,Executive,Known,Unusual location,Confidential data,Video,3.0,1.0,2.0,2.0,3.0,2.25,56.25,HIGH,3,STEP_UP_REQUIRED,4,Normal Authentication (SSO / Standard Credential) | Multi-Factor Authentication (OTP / FIDO2 Step-up) | Trusted Device Attestation (MDM / EDR Compliance) | Contextual Verification (IP / Geo / Behavioral Anomaly Check),"High risk (51-75). Requires MFA, trusted-device verification, and contextual verification."
SCN-34,Suspicious Script Accessing Customer Payment Tokens,Unknown,Suspicious,Suspicious network,Privileged operation,,3.0,4.0,3.0,3.0,0.0,2.7,67.5,HIGH,4,APPROVAL_REQUIRED,5,Normal Authentication (SSO / Standard Credential) | Multi-Factor Authentication (OTP / FIDO2 Step-up) | Trusted Device Attestation (MDM / EDR Compliance) | Contextual Verification (IP / Geo / Behavioral Anomaly Check) | Secondary / Dual-Custody Executive Approval,"High risk (51-75) with privileged/sensitive action (A >= 3). Requires MFA, device attestation, contextual sanity check, and managerial approval."
SCN-35,Contractor Attempting Lateral Movement to Core DC,Contractor,Suspicious,Multiple anomalies,Privileged operation,,3.0,3.0,4.0,3.0,1.0,2.85,71.25,HIGH,4,APPROVAL_REQUIRED,5,Normal Authentication (SSO / Standard Credential) | Multi-Factor Authentication (OTP / FIDO2 Step-up) | Trusted Device Attestation (MDM / EDR Compliance) | Contextual Verification (IP / Geo / Behavioral Anomaly Check) | Secondary / Dual-Custody Executive Approval,"High risk (51-75) with privileged/sensitive action (A >= 3). Requires MFA, device attestation, contextual sanity check, and managerial approval."
SCN-36,Deepfake VP Voice Authorizing Wire Divert,Executive,Unmanaged,Unusual location,Financial/critical operation,Audio,3.0,3.0,3.0,4.0,4.0,3.45,86.25,CRITICAL,5,INDEPENDENT_VERIFICATION,6,Normal Authentication (SSO / Standard Credential) | Multi-Factor Authentication (OTP / FIDO2 Step-up) | Trusted Device Attestation (MDM / EDR Compliance) | Independent Out-of-Band Verification (Direct Callback / Secure Line) | Secondary / Dual-Custody Executive Approval | Block / Hold Request (Session Quarantined),CRITICAL ATTACK POSTURE: High-impact action requested from unmanaged/suspicious device with high deepfake uncertainty. Standard MFA bypassed or insufficient; requires out-of-band confirmation.
SCN-37,Executive Deepfake Video Live Streaming Board Credentials,Executive,Suspicious,Multiple anomalies,Privileged operation,Video,4.0,4.0,4.0,3.0,4.0,3.7,92.5,CRITICAL,5,INDEPENDENT_VERIFICATION,6,Normal Authentication (SSO / Standard Credential) | Multi-Factor Authentication (OTP / FIDO2 Step-up) | Trusted Device Attestation (MDM / EDR Compliance) | Independent Out-of-Band Verification (Direct Callback / Secure Line) | Secondary / Dual-Custody Executive Approval | Block / Hold Request (Session Quarantined),CRITICAL ATTACK POSTURE: High-impact action requested from unmanaged/suspicious device with high deepfake uncertainty. Standard MFA bypassed or insufficient; requires out-of-band confirmation.
SCN-38,Deepfake CEO Audio Demanding Gift Card Codes,Executive,Unmanaged,Unusual time,Financial/critical operation,Audio,3.0,3.0,3.0,4.0,3.0,3.3,82.5,CRITICAL,5,INDEPENDENT_VERIFICATION,6,Normal Authentication (SSO / Standard Credential) | Multi-Factor Authentication (OTP / FIDO2 Step-up) | Trusted Device Attestation (MDM / EDR Compliance) | Independent Out-of-Band Verification (Direct Callback / Secure Line) | Secondary / Dual-Custody Executive Approval | Block / Hold Request (Session Quarantined),CRITICAL ATTACK POSTURE: High-impact action requested from unmanaged/suspicious device with high deepfake uncertainty. Standard MFA bypassed or insufficient; requires out-of-band confirmation.
SCN-39,Deepfake Board Member Requesting Immediate Wire Transfer,Executive,Suspicious,Multiple anomalies,Financial/critical operation,Video,4.0,4.0,4.0,4.0,4.0,4.0,100.0,CRITICAL,5,INDEPENDENT_VERIFICATION,6,Normal Authentication (SSO / Standard Credential) | Multi-Factor Authentication (OTP / FIDO2 Step-up) | Trusted Device Attestation (MDM / EDR Compliance) | Independent Out-of-Band Verification (Direct Callback / Secure Line) | Secondary / Dual-Custody Executive Approval | Block / Hold Request (Session Quarantined),CRITICAL ATTACK POSTURE: High-impact action requested from unmanaged/suspicious device with high deepfake uncertainty. Standard MFA bypassed or insufficient; requires out-of-band confirmation.
SCN-40,Compromised Admin Key Rotating Root Certificates,Administrator,Suspicious,Multiple anomalies,Financial/critical operation,,4.0,4.0,4.0,4.0,1.0,3.55,88.75,CRITICAL,5,INDEPENDENT_VERIFICATION,6,Normal Authentication (SSO / Standard Credential) | Multi-Factor Authentication (OTP / FIDO2 Step-up) | Trusted Device Attestation (MDM / EDR Compliance) | Independent Out-of-Band Verification (Direct Callback / Secure Line) | Secondary / Dual-Custody Executive Approval | Block / Hold Request (Session Quarantined),Critical risk (>75). Automatic hold placed. Strict out-of-band verification via direct independent corporate telephone directory and dual executive sign-off required.
SCN-41,High Uncertainty Deepfake Video Requesting Holiday Schedule,Employee,Known,Normal,Public information,Video,1.0,1.0,0.0,0.0,4.0,1.0,25.0,LOW,1,ALLOW,1,Normal Authentication (SSO / Standard Credential),Low composite risk (0-25). Standard credentials sufficient.
SCN-42,Low Uncertainty Identity Requesting Critical Wire Transfer,Executive,Trusted managed,Normal,Financial/critical operation,,0.0,0.0,0.0,4.0,0.0,1.2,30.0,MEDIUM,2,MFA_REQUIRED,2,Normal Authentication (SSO / Standard Credential) | Multi-Factor Authentication (OTP / FIDO2 Step-up),Moderate risk (26-50). Step-up MFA challenge required to proceed.
SCN-43,Legitimate Traveling CEO in High-Risk Country,Executive,Trusted managed,Unusual location,Confidential data,,1.0,0.0,3.0,2.0,0.0,1.3,32.5,MEDIUM,2,MFA_REQUIRED,2,Normal Authentication (SSO / Standard Credential) | Multi-Factor Authentication (OTP / FIDO2 Step-up),Moderate risk (26-50). Step-up MFA challenge required to proceed.
SCN-44,Deepfake Audio Helpdesk Attack from Known Managed Device,Employee,Trusted managed,Normal,Privileged operation,Audio,2.0,0.0,0.0,3.0,4.0,2.0,50.0,MEDIUM,2,MFA_REQUIRED,2,Normal Authentication (SSO / Standard Credential) | Multi-Factor Authentication (OTP / FIDO2 Step-up),Moderate risk (26-50). Step-up MFA challenge required to proceed.
SCN-45,Full Compromise Multi-Vector Deepfake Identity Takeover,Executive,Suspicious,Multiple anomalies,Financial/critical operation,Video,4.0,4.0,4.0,4.0,4.0,4.0,100.0,CRITICAL,5,INDEPENDENT_VERIFICATION,6,Normal Authentication (SSO / Standard Credential) | Multi-Factor Authentication (OTP / FIDO2 Step-up) | Trusted Device Attestation (MDM / EDR Compliance) | Independent Out-of-Band Verification (Direct Callback / Secure Line) | Secondary / Dual-Custody Executive Approval | Block / Hold Request (Session Quarantined),CRITICAL ATTACK POSTURE: High-impact action requested from unmanaged/suspicious device with high deepfake uncertainty. Standard MFA bypassed or insufficient; requires out-of-band confirmation.
